director_id,director_name
dir_1665,Nikhil Pherwani
dir_1656,Shammi Chhabra
dir_983,Amit Kumar
dir_76,S. Sashikanth
dir_1070,Rajiv Babbar
dir_521,Pallavi Roy Sharma
dir_183,Luv Ranjan
dir_1271,Stars
dir_133,Mohit Suri
dir_900,Kuldeep Singh
dir_518,Shyam Benegal
dir_552,Jyoti Swaroop
dir_140,Santosh Sivan
dir_1401,Mohan Segal
dir_838,Devendra Goel
dir_1024,Raghunath Jhalani
dir_1837,Adeeb Rais
dir_1388,Muazzam Beg
dir_1099,Vaibhav Misra
dir_1313,Sunil Subramani
dir_1792,Attaullah Khan
dir_1446,Rajkumar Patra
dir_880,Saurabh Choubey
dir_333,Sujeeth
dir_1264,Pradip Khairwar
dir_480,Dilip Ghosh
dir_634,Prabhuraj
dir_502,Horse Babu
dir_768,Kabeer Kaushik
dir_335,Rohit Mittal
dir_187,Krishna D.K.
dir_587,Raj N. Sippy
dir_958,Arjun Mukerjee
dir_367,Heavenveer Singh Hayer
dir_430,Irfan Kamal
dir_1515,Pranav Singh
dir_65,Ritesh Batra
dir_1532,Sohanlal Kanwar
dir_540,Bat for Lashes
dir_531,Suraj Joshi
dir_561,Mandeep Kumar
dir_1839,K.S. Malhotra
dir_1207,Firoz Irani
dir_1652,Dilip Naik
dir_1244,Muzaffar Ali
dir_1465,Sidharth Shukla
dir_214,Vikram K. Kumar
dir_1730,Ishtiyak Khan
dir_1199,Rahul Bose
dir_1840,S. Soni
dir_1576,G. Suman Reddy
dir_1054,Vivek b Agrawal
dir_717,Anshai Lal
dir_1767,Abhay Nihalani
dir_1072,Ashok Tyagi
dir_1001,Vishwesh Krishnamoorthy
dir_924,Rahul Sharma
dir_19,Ang Lee
dir_204,Akarsh Khurana
dir_542,Jatinkumar Jagdishbhai Patel
dir_785,Jatla Siddartha
dir_29,Rahi Anil Barve
dir_380,Mahmood Farooqui
dir_897,Shahnawaz Ali
dir_352,Chaitanya Tamhane
dir_709,Alok Batra
dir_1018,Pramod Chakravorty
dir_1491,K. Ramanlal
dir_1345,Santosh Kumar
dir_1307,Sanjay Jha
dir_963,Avishek Ghosh
dir_1037,Bhappi Sonie
dir_1400,Ramkumar Shedge
dir_843,Asshu Trikha
dir_1516,Jitendra Tiwari
dir_700,Goswami Mahesh Gari Tulsigiri
dir_1789,Prithvi Konanur
dir_1856,Ahmed Nayeem
dir_809,Shubhashish Bhutiani
dir_258,Milan Luthria
dir_643,Cchinmay P Purohit
dir_1505,Sajit Warrier
dir_1184,Debaloy Dey
dir_741,Dinesh Mahadev
dir_821,Onir
dir_856,Shantanu Anant Tambe
dir_1188,Vikas Desai
dir_1655,Afzal Ahmed
dir_68,Vishnuvardhan
dir_1028,S. Ram Sharma
dir_107,Shoojit Sircar
dir_702,Pavan Kaul
dir_1135,Arunava Chowdhury
dir_1461,Rakhee Sandilya
dir_1423,Gautam Joshi
dir_1560,Prashant Murli Gorey
dir_1720,Harsukh Jagneshwar Bhatt
dir_596,Arjun Sablok
dir_239,Shantanu Bagchi
dir_885,K.C. Bokadia
dir_862,Ashok Gaekwad
dir_1721,Pradip Krishen
dir_747,Bornila Chatterjee
dir_961,Vishal Chaturvedi
dir_216,Anonno Mamun
dir_1754,Dilip Virender Sood
dir_244,Mira Nair
dir_1566,Vikas Khanna
dir_1273,Puneet Sikka
dir_697,Sudhish Kamath
dir_1697,Vickrant Mahajan
dir_429,Mrighdeep Lamba
dir_517,Abhishek Jain
dir_1514,Raju Khan
dir_1278,Samir Joshi
dir_1200,Prashant Pandey
dir_1707,Ravindra Gautam
dir_1735,Baba Azmi
dir_1348,Manoj K. Jha
dir_309,Amrit Sagar
dir_605,Farogh Siddique
dir_1766,Kunaal Roy Kapur
dir_678,Vijaygiri Bava
dir_1450,Lakshmikanth Chenna
dir_724,Debamitra Biswal
dir_85,Kangana Ranaut
dir_1617,Karandeep Singh
dir_104,Anees Bazmee
dir_1485,Aziz Khan
dir_725,Dinesh Vijan
dir_1659,Bipin Nadkarni
dir_9,Gopichand Malineni
dir_70,Sriram Raghavan
dir_1315,Arjun Gaikwad
dir_135,Kunal Kemmu
dir_764,Pushpenddra Singh
dir_1777,Agneya Singh
dir_551,Maqbool Khan
dir_927,Shantaram Rajaram Vankudre
dir_1179,Anant Balani
dir_1147,Sunaina Bhatnagar
dir_622,Ravi Kumar
dir_1482,Jeff Zimbalist
dir_238,Paul Rupesh
dir_435,Prakash Mehra
dir_1006,Shiirshak S. Anand
dir_1773,Amlan Datta
dir_1012,Jijo Punnoose
dir_147,Rajesh A Krishnan
dir_411,Feroz Khan
dir_1842,Visakh G S
dir_366,Leena Yadav
dir_1312,Prem Prakash Modi
dir_1608,Salim Raza
dir_1321,Saurabh Kabra
dir_1646,Suneet Arora
dir_1116,Soni Razdan
dir_1481,Yashpal Sharma
dir_674,Tania Deohans
dir_278,Vijay Maurya
dir_520,Kuran Dhillon
dir_1007,Shantanu Ray Chhibber
dir_925,Kalpana Lajmi
dir_1520,Ajay K Saklanni
dir_588,Shasha Montana
dir_1854,Pratik Mittal
dir_1066,S. Deepak
dir_1845,Umang Dev Shukla
dir_1573,Dushyant Pratap Singh
dir_677,Kaushik Ghatak
dir_398,Niraj Chauhan
dir_1411,Paparao Biyyala
dir_1256,C.L. Rawal
dir_1843,Deepti Kakkar
dir_1825,Bijukumar Damodaran
dir_1372,Shankar Mukherjee
dir_1259,Harsh Warrdhan
dir_1363,Dylan Mohan Gray
dir_1855,Sanjib Dey
dir_95,Vasan Bala
dir_713,Nitin Manmohan
dir_132,Vijay Krishna Acharya
dir_1584,Shekkhar Suri
dir_613,Apurva Dhar Badgaiyan
dir_912,Satyanshu Singh
dir_1013,Joy Augustine
dir_787,Chitraarth
dir_1731,Deena Raj
dir_160,Saiju Sreedharan
dir_222,Grswkk
dir_1615,Anup Das
dir_1121,Abhinav Shiv Tiwari
dir_291,Apoorva Lakhia
dir_653,Gennadiy Vasilev
dir_1471,Antara Mali
dir_1500,Madan Sinha
dir_1152,Udai Singh Pawar
dir_185,Abhishek Chaubey
dir_1370,Sunil Agnihotri
dir_1192,Tony Juneja
dir_1451,Navin Batra
dir_990,Atul Agnihotri
dir_389,Basu Chatterjee
dir_784,Mehmood
dir_1304,Jitendra Pawar
dir_323,Rajat Kapoor
dir_964,Ravi Tandon
dir_855,Raam Shetty
dir_560,Sudhendu Roy
dir_1378,Megha Ramaswamy
dir_99,Zoya Akhtar
dir_74,Aditya Nimbalkar
dir_1159,Saurabh Choudhary
dir_1559,Prashant Gore
dir_1428,Mukul Dutt
dir_781,Mukul Abhyankar
dir_146,Abhishek Sinha
dir_1619,Ezhil Vendan
dir_514,Jay.k
dir_1508,M. Gani
dir_751,Tinnu Anand
dir_361,Ram Madhvani
dir_1427,Romesh Sharma
dir_595,Chandra Barot
dir_539,Kapil Verma
dir_916,Kalyan Chakravarthy
dir_761,A.L. Vijay
dir_1009,Amarjeet
dir_1755,Deepti Naval
dir_417,Prakash Saini
dir_1187,Keshu Ramsay
dir_748,Vishram Sawant
dir_220,Ranjit Tewari
dir_850,Amol Bhor
dir_1137,Arshad Khan
dir_445,Sameer Saxena
dir_648,Ashok G.
dir_1750,Manav Sohal
dir_1543,Lucky Kohli
dir_1004,Ajay Lohan
dir_1122,Samir Tewari
dir_817,Narendra Singh
dir_1412,G. Krishna
dir_1579,Anil Kulchainiya
dir_474,Anthony D'Souza
dir_1380,Annant Jaaitpaal
dir_1365,Ravinddra Khare
dir_920,Anil Mattoo
dir_1341,Vikram Veturi
dir_1676,Ravichandran
dir_479,Ashish R. Mohan
dir_941,Soumitra Ranade
dir_819,Raghav Jairath
dir_218,Lal Mohan
dir_1201,Priyanka Desai
dir_1003,Suryakant Tyagi
dir_1117,Gajendra Vitthal Ahire
dir_1182,Feroz Abbas Khan
dir_657,Aatish Kapadia
dir_1525,Rajesh Pandey
dir_1286,Srivinay Salian
dir_295,Pavan Kirpalani
dir_30,Anand Gandhi
dir_319,Pravin E. Birje
dir_1386,Ankush Bhatt
dir_833,Manish Soni
dir_416,Raksha Mistry
dir_535,Sourabh Shrivastava
dir_1226,P.L. Santoshi
dir_693,Manish Mundra
dir_351,Govind Nihalani
dir_760,Bobby Khan
dir_1524,Yash Dave
dir_1223,Saurab Narang
dir_311,Mukesh Kumar
dir_1421,Pravesh Bhardwaj
dir_886,M.S. Sathyu
dir_1196,Amol Kale
dir_1089,Lekh Tandon
dir_1308,Devika Bhagat
dir_1658,Sameer Sippy
dir_1846,Anjan Dutt
dir_1325,Ajay Karthik
dir_1624,Raju Subramaniam
dir_663,Devanshu Singh
dir_171,Homi Adajania
dir_1469,Udyakanth
dir_1247,Virajas Kulkarni
dir_35,Aamir Khan
dir_1453,Deven Verma
dir_265,Kundan Shah
dir_246,Abhinay Deo
dir_1205,Saurabh Varma
dir_601,Rishi Kapoor
dir_1406,Mahesh Mathai
dir_1175,Shreyas Talpade
dir_1317,Milind Gadagkar
dir_696,Pratim D. Gupta
dir_711,Deepak Tijori
dir_1661,Satish Rajwade
dir_211,Deepa Mehta
dir_43,A.R. Murugadoss
dir_250,Abhishek Sharma
dir_1350,Amjad Khan
dir_6,Ashok Teja
dir_1245,Atanu Mukherjee
dir_237,Pranay Meshram
dir_1556,Ranjan Chandel
dir_1203,Ashok Nanda
dir_1817,Maninder Chana
dir_1314,Piyush Jha
dir_1512,Rajendra Bhatia
dir_1355,Xavier Agudo
dir_1724,Dilip Gulati
dir_847,Prayag Raj
dir_1637,Faisal Khan
dir_574,Satyen Bose
dir_836,Peter Pedrero
dir_1029,Shelly Chopra Dhar
dir_472,Razneesh Ghai
dir_219,Rajesh Bhatia
dir_921,Ramesh Talwar
dir_1255,Samir Ganguly
dir_1305,Raj Kaushal
dir_158,Mukesh Chhabra
dir_464,Sai Kabir
dir_307,Shekhar Kapur
dir_1383,Jijy Philip
dir_769,Arnab Chaudhuri
dir_344,Abhishek Dudhaiya
dir_1160,Vijay Bhatt
dir_54,Murali
dir_1060,Archisman Kar
dir_1410,Arun Bhatt
dir_715,Pammy Varma
dir_18,Siddharth Anand
dir_327,K.S. Adiyaman
dir_1563,Puja Bedi
dir_895,Sanjay F. Gupta
dir_640,LAl Mohan
dir_1346,Karan Vishwanath Kashyap
dir_701,Aleya Sen
dir_190,Vikram Bhatt
dir_757,Ashish R. Shukla
dir_1190,Jaidev Chakraborty
dir_734,Ssanjay Tripaathy
dir_1394,Atma Ram
dir_828,Rajesh Mapuskar
dir_1050,Arora Karn
dir_1747,Francesca Archibugi
dir_1246,Jeet Ashok
dir_1415,Aejaz Gulab
dir_949,Jasmine Kaur
dir_42,Shuchi Talati
dir_408,Vivek Budakoti
dir_945,Mukesh Modi
dir_691,Rajshree Ojha
dir_1778,Aban Raza
dir_392,Anupam Sinha
dir_585,Sunil Dutt
dir_1827,Haemolymph
dir_1243,Sushil Majumdar
dir_1852,Munni Pankaj
dir_894,Jayant Gilatar
dir_1599,Tariq Khan
dir_1268,Jayaprakash Radhakrishnan
dir_51,Ramin Bahrani
dir_1484,Safdar Rahman
dir_1361,Sandeep Singh
dir_232,Rohena Gera
dir_300,Vivek Sharma
dir_1290,Imtiaz Punjabi
dir_1597,Diwa Shah
dir_200,Shiladitya Bora
dir_1464,Shehnaaz Gill
dir_1513,Rajeev Nagpal
dir_1626,Rajnish Thakur
dir_1392,Hemant Madhukar
dir_1263,Bhavna Talwar
dir_304,Vikramaditya Motwane
dir_1169,Buddhadev Dasgupta
dir_440,Raj Amit Kumar
dir_145,Rajkumar Santoshi
dir_20,Tejas Prabha Vijay Deoskar
dir_1156,Sachin Bajaj
dir_511,Sanjay Sharma
dir_568,Sudipto Sarkar
dir_694,Raja Nawathe
dir_892,Dheeraj Kumar
dir_332,Rumi Jaffery
dir_87,Shashanka Chaturvedi
dir_1107,Suresh Sharma
dir_288,Gurmmeet Singh
dir_1367,Krishnakant Pandya
dir_212,Raja Menon
dir_1455,Pradeep Rangwani
dir_1248,Vikrant Deshmukh
dir_394,Rahul Rawail
dir_1538,Ismail Memon
dir_1158,Manish Vatssalya
dir_840,Anup Singh
dir_1600,B.R. Ishara
dir_549,Shanker Raman
dir_123,Sujoy Ghosh
dir_1844,Fahad Mustafa
dir_345,Puneet Khanna
dir_1554,Smita Singh
dir_197,Shakun Batra
dir_665,Khwaja Ahmad Abbas
dir_1828,Sudarshan Gamare
dir_1172,M. Parvez
dir_707,Anuj Bhardwaj
dir_1128,Dar Gai
dir_478,Rajkumar Kohli
dir_608,Lenka Debiprasad
dir_1132,Sanjeev Puri
dir_1043,Satyajit Bhatkal
dir_970,Narendra Bedi
dir_1113,Sanjay Dayma
dir_801,Vijay Sadanah
dir_1689,Lom Harsh
dir_571,Shashant Shah
dir_1820,Anshul Adhikari
dir_66,Abhishek Pathak
dir_336,Shonali Bose
dir_523,Eeshwar Nivas
dir_315,Jeffrey D. Brown
dir_1079,Singeetam Srinivasa Rao
dir_906,Vishal Mahadkar
dir_1404,S.S. Balan
dir_1025,Aziz Sejawal
dir_38,Sandeep Reddy Vanga
dir_1857,Nishil Sheth
dir_566,Soham Shah
dir_1055,Aruna Raje
dir_179,Kunal Deshmukh
dir_489,Samit Basu
dir_297,Konkona Sen Sharma
dir_837,Dev Benegal
dir_953,Robin Sikarwar
dir_1277,Narayan Chauhan
dir_976,Bhaskar Hazarika
dir_384,Balakrishnan Thevar
dir_206,Tigmanshu Dhulia
dir_1595,Mahesh Dattani
dir_728,Aditya Kripalani
dir_1603,Joy Mukherjee
dir_1323,Sirajuddin Ansari
dir_240,Ashwiny Iyer Tiwari
dir_1283,Ssamir Vanjarri
dir_1681,Kuldeep Ruhil
dir_994,Bunty Soorma
dir_1660,Kidar Nath Sharma
dir_1567,Anuj Tyagi
dir_116,Boman Irani
dir_1120,Ravindra Peepat
dir_720,Rajeev Jhaveri
dir_765,Shravan Tiwari
dir_1083,Adurthi Subba Rao
dir_1239,Shekhar Suman
dir_992,Sanjay Jadhav
dir_1366,Manish Tiwary
dir_1285,Abhijit Kokate
dir_642,Sai Paranjpye
dir_1533,S. Manasvi
dir_795,Tanveer Khan
dir_802,Balwinder Singh Janjua
dir_646,Hardik Gajjar
dir_808,Binayak Das
dir_130,Vetrimaaran
dir_936,Jayesh Pradhan
dir_1056,Prem Soni
dir_1189,Pushpendra Nath Misra
dir_402,Manish Jha
dir_1010,Karwarkar Bhavika
dir_1344,Dipankar Senapati
dir_1476,Tanushri Chattrji Bassu
dir_1084,KD Sandhu
dir_100,Meghna Gulzar
dir_1823,Gautam Singh
dir_425,Nana Patekar
dir_919,Prem Lalwani
dir_1504,Mark Ellam
dir_170,Punit Malhotra
dir_1613,Akashaditya Lama
dir_639,Raj Purohit
dir_907,Faraz Haider
dir_737,Amin Hajee
dir_1038,Kuntaa Nikkil
dir_1102,Pan Nalin
dir_1756,Jeremy Guy
dir_1530,Kirandeep Singh
dir_1830,Vipul Kapoor
dir_382,Majid Majidi
dir_1812,Makrand Deshpande
dir_499,Sumit Mohan Kulkarni
dir_1678,Umesh Vinayak Kulkarni
dir_1178,Jyotin Goel
dir_758,K. Balachander
dir_371,Milap Zaveri
dir_1548,Bharat Jain
dir_103,Sudha Kongara
dir_1497,Padmakumar Narasimhamurthy
dir_94,Yash Chopra
dir_8,Kookie Gulati
dir_255,Amit Masurkar
dir_1529,Rajeev Virani
dir_1499,Supavitra Babul
dir_33,Wes Anderson
dir_487,Jaspal Singh
dir_1644,Aaryaan Saxena
dir_684,Samuel Wilde
dir_705,Bhagyaraj
dir_1751,Neville Shah
dir_27,Payal Kapadia
dir_166,Aniruddha Roy Chowdhury
dir_1075,Rajiv Dhingra
dir_1769,Zaigham Imam
dir_660,Victor Mukherjee
dir_1460,Partho Mitra
dir_1443,Manish Robin
dir_971,Padam Kumar
dir_316,Aijaz Khan
dir_1215,Gulshan Kumar
dir_1527,Lovely Singh
dir_548,Balaj Saleem
dir_257,Aanand L. Rai
dir_1330,Ravi Raja Pinisetty
dir_314,Mansoor Khan
dir_975,Kaushik Ganguly
dir_815,Amman Khann
dir_1457,Naman Nitin Mukesh
dir_1449,Shashi Ranjan
dir_1337,T. Prakash Rao
dir_465,Ravi Jadhav
dir_1221,Jeetu Arora
dir_283,Indra Kumar
dir_1759,Jhirimi Kakati
dir_1642,Manish Acharya
dir_993,Vijay Ratnakar Gutte
dir_1666,Arshad Siddiqui
dir_1713,Deepa Sahi
dir_165,Shimit Amin
dir_1183,Richie Mehta
dir_31,Adesh Prasad
dir_143,Tanuja Chandra
dir_360,Anand Surapur
dir_1250,S.A. Kader
dir_1324,Harsh Chhaya
dir_261,Rajeev Barnwal
dir_543,Sohail Tatari
dir_149,Ramesh Sippy
dir_1706,Akriti Singh
dir_615,Aban Bharucha Deohans
dir_270,Ajay Singh
dir_541,Gael García Bernal
dir_854,C.P. Dixit
dir_1270,Sultan Ahmed
dir_229,Om Raut
dir_1371,Abhay Kumar
dir_428,Amol Shetge
dir_1761,Sachin Bhowmick
dir_328,Sanjay Singh
dir_881,Arpa Khan
dir_1552,Deepshikha Nagpal
dir_1583,Shaheed Latif
dir_825,Neeraj Udhwani
dir_1780,Neeraj Kumar
dir_501,Ken Ghosh
dir_1555,Deepak Ramsay
dir_999,Babubhai Mistry
dir_699,Arif Khan
dir_1473,Hadi Abrar
dir_603,Satyajit Ray
dir_339,Sameer Vidwans
dir_292,Devang Bhavsar
dir_966,K. Viswanath
dir_1352,Jahmil X.T. Qubeka
dir_1454,Subroto Paul
dir_848,Anushree Mehta
dir_1087,Aayush Saxena
dir_1017,Ajit Sinha
dir_1030,Mohan Kumar
dir_128,John Madden
dir_567,Jai Basantu Singh
dir_1636,Adarsh Eshwarappa
dir_1292,Kamal
dir_1737,Karan Gour
dir_803,Kranti Kanadé
dir_1233,Lal Vijay Shahdeo
dir_1572,Stalin Kurup
dir_1544,Ashvin Kumar
dir_1818,Shankar Sri Kumar
dir_1015,Tinu Verma
dir_1384,Raj Bharat
dir_455,Tarun Dudeja
dir_804,Jeeva
dir_236,Mayur K. Barot
dir_434,Sachin Krishn
dir_73,Anurag Kashyap
dir_525,Mariam Sadat
dir_637,Partho Ghosh
dir_1728,Mustufa Raj
dir_932,Karan Razdan
dir_1518,Harmage Singh Kalirai
dir_1545,Siddharth Gupt
dir_631,Mridul Toolsidas
dir_652,Shashi Kapoor
dir_256,Tinu Suresh Desai
dir_1164,Vidhi Kasliwal
dir_516,Gowtam Tinnanuri
dir_559,Suresh Krishna
dir_1638,Vickey Kadam
dir_1157,Deepak Chandra
dir_1480,Eddy Singh
dir_1237,K. Pappu
dir_342,Rajiv Mehra
dir_522,Khalid Mohamed
dir_500,Naushad Siddiqui
dir_276,Seemaa Desai
dir_988,Bharat Rangachary
dir_1714,Priya Krishnaswamy
dir_814,Ishrat R. Khan
dir_466,Javed Karim
dir_611,James Erskine
dir_305,Shaunak Sen
dir_28,Karan Kandhari
dir_896,Bharat Sunanda
dir_503,Manmohan Desai
dir_1598,Aamir Bashir
dir_690,Jasbir R Bhati
dir_1667,Prabhat Khanna
dir_578,Santram Varma
dir_118,Rakeysh Omprakash Mehra
dir_1680,Torstein Grude
dir_664,Tahira Kashyap Khurrana
dir_1104,Sanjiv Trigunayat
dir_159,Neeraj Ghaywan
dir_654,Aakash Bhatia
dir_1664,Nitin Chandra
dir_1708,Howard Rosemeyer
dir_1338,Vishwas Patil
dir_950,Jean-François Pouliot
dir_1838,Sumeet Nagdev
dir_930,Taranveer Singh
dir_873,Vikram Chopra
dir_602,S. Shankar
dir_1422,Khushboo Ranka
dir_869,Nasir
dir_1622,Shrabani Deodhar
dir_1114,Gaurav Rana
dir_1311,Yusuf Khan
dir_192,Dheeraj Sarna
dir_93,Rohit Shetty
dir_529,Jeethu Joseph
dir_729,T.L.V. Prasad
dir_946,Vivek Srivastava
dir_1726,Gyan Correa
dir_942,Ravikant Nagaich
dir_1358,Vipin Kapoor
dir_662,Kirti Kumar
dir_995,Chetan Desai
dir_974,Anshul Sharma
dir_1466,Ashok Mehta
dir_226,Sunny Mandavarra
dir_1477,Nanda Anand
dir_410,Sarmad Khan
dir_1503,Bruce Parry
dir_277,Sooraj R. Barjatya
dir_1298,Sahil Sangha
dir_40,Sandhya Suri
dir_636,Anil Devgan
dir_1635,Utpal Kalal
dir_1452,Awtar Krishna Kaul
dir_1592,Nagesh Bhonsle
dir_329,Prosit Roy
dir_1629,Navneet Behal
dir_1409,Amar Kumar
dir_582,Randhir Kapoor
dir_1097,Nandita Roy
dir_1374,Glenn
dir_721,Diya Annapurna Ghosh
dir_460,Safdar Abbas
dir_1798,Anup Kurian
dir_191,Sajid Nadiadwala
dir_1632,Sushil Malik
dir_1832,Harsha Atmakuri
dir_400,Samit Kakkad
dir_318,Raj Mehta
dir_1675,Mahesh Kodiyal
dir_1770,Kumar Raj
dir_1360,Nitish Sharma
dir_1690,Ajay Devaloka
dir_536,Danish Aslam
dir_386,Jayprad Desai
dir_105,Dibakar Banerjee
dir_15,Raj Kumar Gupta
dir_1229,K.S. Ravikumar
dir_97,Remo D'Souza
dir_1801,Agnidev Chatterjee
dir_71,Gurinder Chadha
dir_388,Aditya Bhattacharya
dir_1335,Jehangir Surti
dir_513,Raj Kapoor
dir_584,Shashilal K. Nair
dir_348,Radha Krishna Jagarlamudi
dir_1790,Bela Negi
dir_1026,Rahul Bhole
dir_1134,Manmohan Krishna
dir_301,David Dhawan
dir_989,Kalpataru
dir_519,Suneel Darshan
dir_1760,Vrinda Kapoor
dir_268,Arjun Varain Singh
dir_1329,Dasari Narayana Rao
dir_48,Abhishek Anil Kapur
dir_954,M. Sadiq
dir_796,Srijit Mukherji
dir_629,Devang Desai
dir_1052,Danis Tanovic
dir_243,Pushkar
dir_1376,Neil Biswas
dir_947,Chakri Toleti
dir_937,Deven Bhojani
dir_5,Adhik Ravichandran
dir_144,Sajid Ali
dir_1085,Radhu Karmakar
dir_1693,Chandrakant
dir_1088,B. Gupta
dir_1356,Tony Pietra Arjuna
dir_1051,Pushpendra Singh
dir_789,J.K. Bihari
dir_82,Konstantin Bojanov
dir_849,Abhijit Panse
dir_686,Akriti Bajpai
dir_69,Mudassar Aziz
dir_723,Sunny Deol
dir_1413,Hussein Khan
dir_1641,Sandiip Chatterjii
dir_436,Shadab Khan
dir_182,Abhishek Varman
dir_1671,Akshay Singh
dir_630,Director
dir_1396,Paresh Vinodray Savani
dir_616,Kushal Srivastava
dir_1342,Vinod Kamble
dir_627,Krishnadev Yagnik
dir_1405,Mohsen Makhmalbaf
dir_577,Suresh Triveni
dir_1091,Asit Sen
dir_1836,Srikanth Velagaleti
dir_1193,Jambulingam
dir_1741,Anish Khanna
dir_1858,Amit Khanna
dir_1569,Anant Tripathi
dir_659,Bimal Roy
dir_1021,Ayaaz Khan
dir_834,Ramesh Behl
dir_1364,Ajay Kashyap
dir_1354,Aleksandr Zguridi
dir_1549,Sushama Shiromanee
dir_148,Sankalp Reddy
dir_1092,Ashwini Chaudhary
dir_607,Garima Wahal
dir_766,Deepak Sareen
dir_1253,Param Gill
dir_1606,Rohit Arora
dir_395,Kanwal Sethi
dir_1136,Mani Kaul
dir_433,Akiv Ali
dir_575,Kanwal Biala
dir_644,Soumendra Padhi
dir_263,Rajiv Chilaka
dir_1306,Prashant Johari
dir_491,Umesh Mehra
dir_1269,K.S. Prakash Rao
dir_1282,K.K. Singh
dir_746,Leopoldo Aguilar
dir_1695,Karen Kshiti Suvarna
dir_1742,Ajay Bhuyan
dir_251,Madhavan
dir_75,Sailesh Kolanu
dir_113,
dir_346,Gauri Joshi
dir_979,Ashok
dir_235,Saket Chaudhary
dir_1398,Gopal B.
dir_683,Gauravv K. Chawla
dir_1562,Harish Shah
dir_868,Sameer Malkan
dir_1385,Rajesh Kumar Singh
dir_1510,Japinder Kaur Baweja
dir_1674,Ramesh Kode
dir_853,Robert Lieberman
dir_150,Mahesh Manjrekar
dir_1433,K.B. Tilak
dir_1316,Deb Medhekar
dir_112,Directors
dir_612,Collin D'Cunha
dir_1703,Pia Sukanya
dir_844,Sudhanshu Sharma
dir_633,Binoy Gandhi
dir_1445,Rajesh Ram Singh
dir_451,Rahul Kamboj
dir_1654,Desh Gautam
dir_1833,Manjeet Singh
dir_822,Ruchi Narain
dir_1110,Ajit Pal Mangat
dir_754,Ujjwal Chatterjee
dir_1459,Arjun Bali
dir_1180,Rohit Raj Goyal
dir_755,Dedipya Joshii
dir_180,Ajay Bahl
dir_867,Prashant Singh
dir_1519,Zubair Khan
dir_1291,Amrit Nahata
dir_488,Vinay Shukla
dir_83,Pushkar Sunil Mahabal
dir_767,Asif Kapadia
dir_564,Sangeeth Sivan
dir_1063,Sanjay Khan
dir_199,Lakshya Raj Anand
dir_210,Anvita Dutt
dir_1831,J.S. Randhawa
dir_181,Maneesh Sharma
dir_1417,K.D. Satyam
dir_459,V.V. Vinayak
dir_763,Shiv Hare
dir_272,Pulkit
dir_186,Faiza Ahmad Khan
dir_638,Harmesh Malhotra
dir_1359,Prashant Chadha
dir_1322,Ganesh Yadav
dir_350,Behzad Khambata
dir_1332,Kapil Sharma
dir_419,Sameer Sharma
dir_120,Sudipto Sen
dir_1645,Gurpreet Sondh
dir_462,Prakash Kovelamudi
dir_1165,Tim Maltby
dir_390,K.K. Radhakrishna Kumar
dir_1343,Shammi Kapoor
dir_556,Akshay Roy
dir_1240,Shekhar S. Jha
dir_119,Craig Gillespie
dir_10,Laxman Utekar
dir_164,Shashank Khaitan
dir_1657,Ram Mukherjee
dir_473,S. Ramanathan
dir_984,Akashdeep Sabir
dir_714,Anil Nagarath
dir_1772,Kumar Shahani
dir_1353,Nana Kldiashvili
dir_1442,Rohit Krishnakant Nayyar
dir_396,Shyam Ramsay
dir_1000,Aparna Sen
dir_1611,Teja
dir_824,Neeraj Pathak
dir_209,Jayprakkash Shaw
dir_841,Aadish Keluskar
dir_1744,Sanal Kumar Sasidharan
dir_1210,Govind Menon
dir_610,Punit Soni
dir_742,Pamela Rooks
dir_1498,Irshad Khan
dir_1174,Sanjeev Reddy
dir_56,Karan Johar
dir_731,Karan Darra
dir_1610,Kamal K.M.
dir_509,Nipun Dharmadhikari
dir_341,Tabrez Noorani
dir_1590,Sriramulu Naidu S.M.
dir_661,Rikhil Bahadur
dir_92,Sanjay Leela Bhansali
dir_498,Pranavanand
dir_547,James Hannay
dir_1686,Manan Katohora
dir_1235,Ashish Aryan
dir_1381,Hemwant Tiwari
dir_26,Nitesh Tiwari
dir_1627,Lalit Marathe
dir_986,Anupama Srinivasan
dir_1177,Manmohan Singh
dir_1261,Kashinath
dir_938,Amit Patel
dir_1808,Sandeep A. Varma
dir_176,Shree Narayan Singh
dir_1357,Ryan Bajornas
dir_356,Satish Kaushik
dir_1813,Vinod Mukhi
dir_1821,Nazneen Bhatia
dir_793,Karan Lalit Butani
dir_264,Randeep Hooda
dir_1125,Harnam Singh Rawail
dir_1080,Dinesh Shailendra
dir_208,Harshavardhan Kulkarni
dir_1046,Arjun Hingorani
dir_1711,Akshay Shere
dir_1206,Anil Senior
dir_1214,Prakash Arora
dir_826,Mani Shankar
dir_1162,Jonathan Augustin
dir_495,Aasmaan Bhardwaj
dir_299,Md Minhaj Miah
dir_505,Harry Baweja
dir_437,Raj Khosla
dir_1016,Pappu Verma
dir_606,Siddharth Singh
dir_1458,Rahul Shanklya
dir_1049,Vijay Raaz
dir_39,Nikhil Nagesh Bhat
dir_864,Douglas Dgama
dir_1296,Tabrez Hashmi
dir_1167,Richard Finn
dir_14,Rosshan Andrrews
dir_1810,Nitin Kumar Gupta
dir_106,Mani Ratnam
dir_431,Ashim Ahluwalia
dir_247,Akshat Verma
dir_948,Richard Harris
dir_249,Neeraj Vora
dir_1494,Parvati Balagopalan
dir_1506,Govind Moonis
dir_967,A. Bhimsingh
dir_330,Nitin Kakkar
dir_1280,Desh Mukherjee
dir_1375,Dhiraj Kumar
dir_221,Sharan Sharma
dir_1218,Rajiv S. Ruia
dir_1074,Amit Bhadana
dir_1551,Dilip Mehta
dir_177,Renzil D'Silva
dir_623,Hitesh Bhatia
dir_1078,Shlok Sharma
dir_205,Aditya Datt
dir_202,Kamal Haasan
dir_1022,Ram Devineni
dir_1131,Azim Shaikh
dir_129,Anubhav Sinha
dir_46,Amit Golani
dir_1596,Amit Roy
dir_866,Hasib Muhammad
dir_670,Deva Katta
dir_50,Anurag Singh
dir_137,Gippy Grewal
dir_1605,Ajai Sinha
dir_1339,Ismail Merchant
dir_1685,Jabbar Patel
dir_88,Nikkhil Advani
dir_1758,Sukhwant Dhadda
dir_1328,Sombhu Mitra
dir_77,Aditya Suhas Jambhale
dir_1048,Randeep Jha
dir_649,Qaushiq Mukherjee
dir_740,Puru Rajkumar
dir_230,Abbas Alibhai Burmawalla
dir_1802,Ajay Phansekar
dir_998,Tarun Majumdar
dir_861,Anupam Kher
dir_326,Tanveer Hashmi
dir_1154,M.R. Shahjahan
dir_910,Jaideep Sen
dir_1276,Sanjivan Lal
dir_1047,Girish Dhamija
dir_275,Umesh Shukla
dir_60,Atlee
dir_1786,Shiladitya Moulik
dir_1331,Roshan Abbas
dir_490,Latif Faiziyev
dir_450,Kayoze Irani
dir_1604,Sudeesh Kanaujia
dir_78,Rahul Sadasivan
dir_441,Jennifer Lynch
dir_997,Prateek Vats
dir_443,Karan Boolani
dir_1472,Satchit Puranik
dir_635,Ricky Sandhu
dir_81,Ashutosh Gowariker
dir_811,Kathir
dir_57,Amar Kaushik
dir_1841,Gaurav Pandey
dir_1467,Vishalkumar Bharatbhai Nai
dir_469,Indrajit Lankesh
dir_228,Subhash Ghai
dir_752,Manoj Kumar
dir_1800,Ratan Aulakh
dir_36,Steven Spielberg
dir_1299,R.K. Nayyar
dir_618,Milind Ukey
dir_621,Mikhil Musale
dir_1402,A. Kodandarami Reddy
dir_1130,Puneet Sira
dir_1095,Mazhar Khan
dir_1176,Vasili Pronin
dir_655,Tannishtha Chatterjee
dir_11,Reema Kagti
dir_1071,Honey Irani
dir_1775,Vijay Mahar
dir_313,Hitesh Kewalya
dir_839,Jayaraj
dir_673,V.K. Prakash
dir_1429,Preeti Singh
dir_1539,Dinesh S. Yadav
dir_805,Krishna Shah
dir_1251,Glen Barretto
dir_1115,Shilpi Dasgupta
dir_1035,Hemen Gupta
dir_1284,Goldie Behl
dir_1704,Aditya Om
dir_1712,Neshu Saluja
dir_1032,Sibte Hassan Rizvi
dir_884,Abhinav Pareek
dir_379,Anusha Rizvi
dir_1787,Shadab Ahmad
dir_780,Sunil Kumar Agrawal
dir_1105,Ravi Sharma Shankar
dir_1779,Pawan Gill
dir_444,Kanti Shah
dir_484,Sushrut Jain
dir_16,Dev Patel
dir_669,Vinod Kapri
dir_1829,Raka
dir_225,Anirudh Iyer
dir_1227,K. Shankar
dir_55,Ram Gopal Varma
dir_102,Vinay Sapru
dir_407,Ashwin Shetty
dir_1729,Kanak Mishra
dir_718,Surendra Kumar Bohra
dir_194,Sajid
dir_1351,Aleksey Fedorchenko
dir_285,Rahul V. Chittella
dir_1739,Tanvi Jain
dir_63,Aradhana Sah
dir_1040,Hamid Ali
dir_1249,Arindam Chaudhuri
dir_1701,Aravind Sen
dir_1745,G.S. Vijayan
dir_196,Vinod Pande
dir_878,K. Raghavendra Rao
dir_944,Palaash Muchhal
dir_21,Sam Hargrave
dir_1616,Jahnu Barua
dir_1231,Dayal Nihalani
dir_676,Kushan Nandy
dir_483,Kaashvi Nair
dir_224,Anand Tiwari
dir_898,Avnish Barjatya
dir_978,Chander Vohra
dir_260,Jaspal Singh Sandhu
dir_1036,Kunal Shivdasani
dir_303,Karan Malhotra
dir_248,Abhay Chopra
dir_692,Divyang Thakkar
dir_863,Wilson Louis
dir_1468,Sam Bhattacharjee
dir_899,Sonal Joshi
dir_7,Robbie Grewal
dir_722,M.K. Shivaaksh
dir_1096,Shiboprosad Mukherjee
dir_972,Jana Sue Memel
dir_1784,Shivajee Chandrabhushan
dir_1630,Madhureeta Anand
dir_1118,Manik Chatterjee
dir_449,Rahhat Shah Kazmi
dir_1723,Mahesh Tilekar
dir_458,Jugal Hansraj
dir_510,Himanshu Brahmbhatt
dir_1791,Kshitij Sharma
dir_762,Shibu Mitra
dir_1571,V. Menon
dir_1650,Abhinav Thakur
dir_139,Pushkar Ojha
dir_1065,Shaison P Ouseph
dir_418,Ayush Raina
dir_1031,Faisal Saif
dir_1705,Suvendu Raj Ghosh
dir_253,Shaad Ali
dir_1081,Sunil Sharma
dir_59,Aditya Dhar
dir_1217,Adnan Ali
dir_555,Naresh Malhotra
dir_282,Balu Mahendra
dir_1202,Shamin Desai
dir_482,Tushar Jalota
dir_178,Gauri Shinde
dir_719,Aditya Awandhe
dir_534,Anubhuti Kashyap
dir_1236,K. Bapaiah
dir_1138,Vijay Reddy
dir_957,Madan Mohla
dir_1034,Rakesh Ranjan Kumar
dir_960,Goran Paskaljevic
dir_1076,Rizwan Mohammad
dir_138,Sagar Ambre
dir_891,Ketan Desai
dir_1601,Bindu Shukla
dir_385,Raj Singh Chaudhary
dir_1486,Goutam Ghose
dir_1691,Kunjan Verma
dir_1797,Saandesh Nayak
dir_1799,Saad Khan
dir_893,M.A. Thirumugham
dir_790,Sridhar Rangayan
dir_1334,Bhimsain
dir_1209,Sneha Taurani
dir_420,Tahir Hussain
dir_888,Vijay Jayapal
dir_1653,Vaibhav Babaji
dir_788,Mozez Singh
dir_372,Jay Dev Banerjee
dir_67,Abhishek Kapoor
dir_32,Kanu Behl
dir_1150,Arif Ali
dir_1039,Geethu Mohandas
dir_800,Mehmet Tutkun
dir_207,Akhil Gautam
dir_252,Sabbir Khan
dir_1585,Rakesh Chaturvedi Om
dir_671,Karan Tejpal
dir_1444,Shiv Dutt Sharma
dir_965,Zeishan Quadri
dir_461,Vishal Pandya
dir_883,Ram Ramesh Sharma
dir_317,Jasmeet K Reen
dir_852,Karanjeet Saluja
dir_357,Alankrita Shrivastava
dir_614,Milind Dhaimade
dir_1161,Vipul K. Rawal
dir_134,Sanjay Gadhvi
dir_127,Siddharth P Malhotra
dir_772,Hema Malini
dir_1677,Vijit Sharma
dir_1763,Bharatbala
dir_1418,Shawn Arranha
dir_933,Mostofa Sarwar Farooki
dir_1212,Abhishek Dixit
dir_820,Avinash Das
dir_1053,Shekhar Sirrinn
dir_1537,Rizwan Siddiqui
dir_353,Abhinav Kashyap
dir_383,Raghava Lawrence
dir_1033,Abhishek Dogra
dir_1197,Anil Ganguly
dir_794,Vipul Mehta
dir_4,Manoj Shidheshwari Tiwari
dir_1293,Gitanjali Rao
dir_624,Nicholas Meyer
dir_412,Bejoy Nambiar
dir_1586,Aman Sachdeva
dir_98,Vivek Agnihotri
dir_563,Chetan Anand
dir_1139,Tapi Chanakya
dir_438,Ishaan Trivedi
dir_1493,Ramesh Sharma
dir_155,Imtiaz Ali
dir_90,Advait Chandan
dir_1439,Rabindra Dharmaraj
dir_823,Indrajeet Singh Bansal
dir_1588,Srinivas Bhashyam
dir_1824,Amit Agarwal
dir_1587,Pachhi
dir_860,Umesh Ghadge
dir_49,Sandeep Kewlani
dir_1557,B. Ramakrishnaiah Panthulu
dir_1647,Kedar Shinde
dir_1129,Dheer Momaya
dir_298,Gopi Puthran
dir_1589,Raju Mavani
dir_331,John Mathew Matthan
dir_1260,Rajan Khosa
dir_679,Soumik Sen
dir_1124,Pankaj Advani
dir_184,Subhash Kapoor
dir_1546,Zuber K. Khan
dir_1387,Ramanna
dir_13,Girish Kohli
dir_370,Ketan Mehta
dir_911,Viraj A. Raje
dir_374,Satish Padwal
dir_773,Saawan Kumar Tak
dir_493,Varun Grover
dir_1262,Susi Ganesan
dir_1297,Deepak Bahry
dir_468,Suparn Varma
dir_901,Sagar Sarhadi
dir_1748,Fahim Irshad
dir_727,Abrar Alvi
dir_1456,Karan Butani
dir_470,James Ivory
dir_842,Manoj Sharma
dir_86,Shauna Gautam
dir_1011,Arka Ganguly
dir_756,Raj Pendurkar
dir_903,Dnyanesh Zoting
dir_1019,Biren Nag
dir_1609,Shefali Bhushan
dir_485,Kamal Swaroop
dir_1794,Rishi Prakash Mishra
dir_955,Kaustav Narayan Niyogi
dir_467,Tinnu Verma
dir_1379,Deepak Pawar
dir_1475,Shamboo Falke
dir_1440,Bosco Martis
dir_267,Rituparno Ghosh
dir_1835,Aron Govil
dir_381,Vijay Anand
dir_1814,Prerna Wadhawan
dir_688,Syed Ahmad Afzal
dir_173,Bugs Bhargava Krishna
dir_1561,Pradeep Maini
dir_962,Sanjeev Sharma
dir_84,Neeraj Pandey
dir_269,Prabhu Deva
dir_675,Parmeet Sethi
dir_628,Tanuj Bhramar
dir_739,Jasmine D'Souza
dir_1301,Saeed Akhtar Mirza
dir_1082,Anand
dir_1390,Devendra Shivaji Jadhav
dir_985,Anirban Dutta
dir_939,Nicholas Kharkongor
dir_1819,Jai Tank
dir_580,Milind Rau
dir_359,Rajiv Rai
dir_242,Gayatri
dir_375,Madhur Bhandarkar
dir_101,Radhika Rao
dir_753,Saumitra Singh
dir_1509,Pramod Joshi
dir_876,K. Subhash
dir_47,Rishab Seth
dir_1848,Sami Khan
dir_1303,Kalidas
dir_1811,Abhay Singhal
dir_1765,Sachin P. Karande
dir_233,Puneet Sharma
dir_152,Apoorv Singh Karki
dir_956,Gill Shubham
dir_1649,Pavan Kumar
dir_952,Gunveen Kaur
dir_399,Neha Soni
dir_1373,Ankush
dir_1222,Kumud Chaudhary
dir_1320,Nabh Kumar 'Raju'
dir_1521,Anamika Haksar
dir_550,Pankaj Parashar
dir_91,Shirish Kunder
dir_1435,S. Panju
dir_830,Surya Lakkoju
dir_294,Navdeep Singh
dir_1853,Dharan Mandrayar
dir_1578,K.S. Ashoka
dir_1168,Sisir Misra
dir_1094,Mukesh Duggal
dir_1736,Naresh Lalwani
dir_1414,Naseeruddin Shah
dir_943,Rajeev Kapoor
dir_168,Sharat Katariya
dir_1462,Chandrakant Kulkarni
dir_887,Shubham Yogi
dir_923,Yunus Sajawal
dir_1620,Prashant Naik
dir_320,Revathi
dir_554,Rajeev Dassani
dir_271,Mahesh Bhatt
dir_1807,Pankaj Sharma
dir_25,Bommarillu Baskar
dir_645,Nagraj Manjule
dir_1441,Rohit Manash
dir_1369,Rajneesh Berry
dir_504,Rosauro Adorable
dir_775,Fuwad Khan
dir_1517,Rajesh Ranshinge
dir_1727,Sandeep Baswana
dir_1252,Mrinal Sen
dir_1100,Ramkishan Choyal
dir_1044,Sanjay Khanna
dir_594,Sarvesh Mewara
dir_1631,Dapinder Sandhu
dir_1591,S.S. Vasan
dir_1349,Prince Singh
dir_1112,Sunil Hingorani
dir_573,Rohan Sippy
dir_1272,Arif Zakaria
dir_1127,B.H. Tharun Kumar
dir_1806,Sabal Singh Shekhawat
dir_647,Nila Madhab Panda
dir_142,Ayan Mukerji
dir_1528,Bhagwan Palav
dir_1593,Ashoke Pandit
dir_889,Manpreet Singh Dhami
dir_1326,Mahesh Kothare
dir_1399,Suman Ghosh
dir_681,Manoj Agrawal
dir_310,Umesh Bist
dir_1224,O.P. Ralhan
dir_759,Akshay Akkineni
dir_364,Raj Rachakonda
dir_1550,Aryeman Ramsay
dir_1722,Shona Urvashi
dir_1752,Arun Kaul
dir_1495,Kishore Vyas
dir_865,Bedabrata Pain
dir_544,Shafi Inamdar
dir_124,Farah Khan
dir_968,Vinnil Markan
dir_286,Lee Whittaker
dir_922,Ajay Chandhok
dir_481,Terrie Samundra
dir_1492,Vinod Mehra
dir_1216,A.C. Trilogchander
dir_597,Mukesh Saigal
dir_1694,Ram Daryani
dir_1568,Raj Tilak
dir_1140,Rajendra Kumar Tuli
dir_827,Anand Kumar
dir_497,E.V.V. Satyanarayana
dir_708,Sarthak Dasgupta
dir_373,Parthkumar Ashokbhai Patel
dir_1119,Dipesh Jain
dir_24,Loveleen Tandan
dir_1407,Ssaurabh Tyagi
dir_1020,Neeraj Sahai
dir_1242,Shakeel Noorani
dir_1580,S.U. Sunny
dir_108,Arati Kadav
dir_1684,Sachin Kamlakar Khot
dir_1696,M. Madhusudhana Rao
dir_415,Hasnain Hyderabadwala
dir_557,Raam Reddy
dir_565,Jagdish A. Sharma
dir_928,Navneet Baj Saini
dir_1447,Rocky Rupkumar Patra
dir_771,K.K. Raina
dir_1796,Raaj Aashoo
dir_650,Varun V. Sharma
dir_1185,Ajay Kailash Yadav
dir_851,Rakesh Kumar
dir_1265,Kamal Pandey
dir_512,Anirban
dir_1488,Rahul Jain
dir_279,Keith Gomes
dir_980,Sooni Taraporevala
dir_1333,Jasti Hemambar
dir_1803,Kamakhya Narayan Singh
dir_875,Dhruv Lather
dir_369,Bharathiraja
dir_1289,Nachiket Samant
dir_680,K.S. Sethumadhavan
dir_1581,Shivraj Deval
dir_1740,Praveen Morchhale
dir_996,Shatilal Soni
dir_174,Shakti Pratap Singh
dir_914,Sandeep Rampher Kumar
dir_115,Amit Ravindernath Sharma
dir_45,Kiran Rao
dir_783,Hiren Nag
dir_175,Farhad Samji
dir_1103,Ajit Sable
dir_1287,Rajat Rawail
dir_1281,M.F. Hussain
dir_1470,Bhavik Thakore
dir_1540,Neerav Ghosh
dir_64,Johannes Roberts
dir_666,Lawrence D'Souza
dir_110,Vikas Bahl
dir_909,P. Vasu
dir_362,Bhushan Patel
dir_334,Mehboob Khan
dir_1602,V. Ravichandran
dir_1148,Shadaab Mirza
dir_609,Vishal Mourya
dir_1536,Gurdip Singh
dir_1155,Rajat Mukherjee
dir_832,Tapan Sinha
dir_1815,Parvin Dabas
dir_1101,Sachin Brahmbhatt
dir_363,Omung Kumar
dir_1859,Anil Chaudhary
dir_515,Aman Ullah
dir_1064,Akbar Khan
dir_1643,Kartik Swaminathan Venkatraman
dir_151,Priyadarshan
dir_308,Amol Palekar
dir_973,Navjot Gulati
dir_1141,Talat Jani
dir_1151,Vibhu Puri
dir_915,Rajinder Singh Bedi
dir_1577,Gyan Sahay
dir_423,Prawaal Raman
dir_89,Aditya Chopra
dir_682,Akshat Ajay Sharma
dir_1274,Adil Hussain
dir_1426,Govind Saraiya
dir_1232,Suraj Prakash
dir_266,Jagan Shakti
dir_572,Manoj Sati
dir_774,Pradeep Kumawat
dir_1041,Ganesh Acharya
dir_890,Deepak Anand
dir_1716,Rajesh Ganguly
dir_1535,Anand Patwardhan
dir_818,Deepak S. Shivdasani
dir_215,Anil Sharma
dir_704,Abir Sengupta
dir_1762,Rakesh Mehta
dir_456,Ravi Chopra
dir_1143,Ahishor Solomon
dir_154,Raaj Shaandilyaa
dir_1061,J. Om Prakash
dir_1133,Sameer Hanchate
dir_527,Akhilesh Jaiswal
dir_1145,Sanamjit Singh Talwar
dir_1300,Afzal Khan
dir_413,Avinash Dhyani
dir_122,R Balki
dir_632,Indrajit Nattoji
dir_377,Vishesh Bhatt
dir_289,Simarpreet Singh
dir_405,Nagesh Kukunoor
dir_432,Gulzar
dir_1045,Kawal Sharma
dir_1318,Tilak Shetty
dir_770,Pavan Buragohain
dir_1490,Ashok Roy
dir_1430,Abdul Rashid Kardar
dir_203,Sonam Nair
dir_1144,Ravindra Dave
dir_274,Praveen Nischol
dir_3,Sidhaant Sachdev
dir_109,Farhan Akhtar
dir_1275,Sanjiv Jaiswal
dir_1432,Ghorban Mohammadpour
dir_619,Pankaj Kapur
dir_1057,Dilip Shankar
dir_1382,Amit Kasaria
dir_1698,E. Sathi Babu
dir_117,Vishal Bhardwaj
dir_835,Md. Shahnause
dir_1437,Sohrab Modi
dir_1672,Rajesh Vakil
dir_1397,Danny Denzongpa
dir_1377,Moni Bhattacharjee
dir_526,Kanishk Varma
dir_496,Amole Gupte
dir_1688,Mahesh Kaul
dir_1042,Nitin Bose
dir_736,Dulal Guha
dir_22,Vidhu Vinod Chopra
dir_1618,Fareeda Mehta
dir_1699,Partho Sen-Gupta
dir_1809,Ved Rahi
dir_656,Swagger Sharma
dir_72,Kalees
dir_1090,Suhas Kadav
dir_735,Saurabh Shukla
dir_1489,Rakesh Sharma
dir_1502,Sudipto Chattopadhyay
dir_1073,Deven Munjal
dir_687,Harsh Beniwal
dir_172,Sashi Kiran Tikka
dir_870,Hriday Shetty
dir_231,Mastan Alibhai Burmawalla
dir_778,Chuck Russell
dir_347,Abbas Tyrewala
dir_52,Lasse Hallström
dir_1086,Pratik Moitro
dir_217,Pushpdeep Bhardwaj
dir_750,Renuka Shahane
dir_1771,Rajesh. K.
dir_1163,Sarvnik Kaur
dir_672,Shome Makhija
dir_592,Prakash Raj
dir_569,Jay Hayer
dir_668,Guddu Dhanoa
dir_1679,Nishtha Jain
dir_586,Sidharth Srinivasan
dir_508,J.D. Chakravarthi
dir_857,Deepak Balraj Vij
dir_1309,G.V. Iyer
dir_296,Amit Saxena
dir_940,Sohan Roy
dir_125,Rahul Dholakia
dir_791,Sameer Joshi
dir_991,Subhash Sehgal
dir_426,Gagan Puri
dir_987,Dev Anand
dir_1220,Devaki Singh
dir_1564,Jaideep Varma
dir_1487,Arjun Sajnani
dir_1077,Shripal Morakhia
dir_1614,Shukla Barnali Ray
dir_1153,Prashant Nair
dir_1069,Rintu Thomas
dir_1327,Amit Mitra
dir_365,Ashima Chibber
dir_201,Puri Jagannadh
dir_651,Ajay Pannalal
dir_1204,Sunhil Sippy
dir_590,Arbaaz Khan
dir_1225,Sunil Pal
dir_1234,Anil Hingorani
dir_1254,Harish Vyas
dir_1302,Raajeev Walia
dir_53,Kalyan Shankar
dir_302,Aziz Mirza
dir_786,Abhiraj Minawala
dir_1478,Thapa Anuup
dir_406,Gautham Vasudev Menon
dir_935,Sikander Bharti
dir_782,Mahesh Nair
dir_358,Raj Kanwar
dir_1191,S.M. Iqbal
dir_1788,Subodh Nagdeve
dir_1213,Bobby Raj
dir_452,Habib Faisal
dir_463,Samar Iqbal
dir_157,Sanjay Gupta
dir_1059,Prosenjith Ganguly
dir_918,Shoib Nikash Shah
dir_576,Prakash Nambiar
dir_1142,Digvijay Singh
dir_1523,Allyson Patel
dir_1170,Sunder Pal
dir_280,Ashwani Dhir
dir_368,Vardhan Ketkar
dir_354,Shashanka Ghosh
dir_917,Chandrakant Kanse
dir_12,Rajkumar Hirani
dir_1717,Asad Shan
dir_306,Ratnaa Sinha
dir_1700,Arvind Pandey
dir_457,Nasir Hussain
dir_1002,Daanish Siddiqui
dir_1743,Sudip Bandyopadhyay
dir_1822,Prashant Bhargava
dir_1479,James Turner
dir_1186,Sushen Bhatnagar
dir_62,Amit Joshi
dir_951,Pushan Kripalani
dir_1531,Naresh Kumar
dir_1826,Sujit Kumar
dir_1238,Girideva Raaj
dir_414,Vikramjit Singh
dir_1534,Kranthi Kumar
dir_422,Mrityunjay Devvrat
dir_80,Hansal Mehta
dir_537,Vinod Tewari
dir_262,Seema Pahwa
dir_776,Stanley D'Costa
dir_1768,Prasanta Sahoo
dir_338,Pradeep Sarkar
dir_281,Vijay Lalwani
dir_749,Ramanand Sagar
dir_858,Girish Malik
dir_241,Ravi Udyawar
dir_959,Rajesh Malik
dir_1565,Sarika Sanjot
dir_1753,Ashok Kohli
dir_1368,Govardhan Asrani
dir_1425,Lateef Binny
dir_798,Bishnu Dev Halder
dir_1612,Shrikant Sharma
dir_1098,Reema Rakesh Nath
dir_287,Sachin Yardi
dir_872,Gurmeet Ram Rahim Singh
dir_538,Kannan Iyer
dir_1438,K.V. Raju
dir_908,Anant Thakur
dir_1108,Sattwik Mohanty
dir_193,Manish Gupta
dir_1764,Anurag Jha
dir_1774,Nikhil Mahar
dir_1126,Niren Lahiri
dir_447,Guru Dutt
dir_600,Frank Gladstone
dir_982,Subodh Mukherji
dir_726,Anil v Kumar
dir_1023,Tushar Prakash
dir_163,Avinash Arun
dir_1395,Dilip Shukla
dir_169,Tarun Mansukhani
dir_1542,Rajesh Bajaj
dir_126,Anurag Basu
dir_439,Kuku Kohli
dir_1733,Ruchika Oberoi
dir_446,Mehul Kumar
dir_1625,Naeem Sha
dir_1294,Madhu M.
dir_1734,Ajoy Varma
dir_245,Rakesh Roshan
dir_254,Shubzz
dir_378,Sohail Khan
dir_494,Kapil Kapoor
dir_1663,Jaimin Bal
dir_259,Ribhu Dasgupta
dir_492,Babbar Subhash
dir_743,Jagbir Dahiya
dir_401,R.S. Prasanna
dir_1782,Shailesh Verma
dir_421,James Dodson
dir_1621,Manikya Raju
dir_1709,Ajay Kumar
dir_1574,Shivaji Lotan Patil
dir_695,Hemant Gaba
dir_1640,Binod Pradhan
dir_810,Rohit Jugraj
dir_738,Ajinkya Nikam
dir_1633,Girish Kasaravalli
dir_1362,Shomu Mukherjee
dir_162,Sajid Khan
dir_1496,Manish Harishankar
dir_620,Samir Karnik
dir_234,Ahmed Khan
dir_507,Puneet Issar
dir_290,Sudhir Mishra
dir_524,Anu Menon
dir_475,Kaizad Gustad
dir_355,Sachin Kundalkar
dir_189,Rohit Dhawan
dir_1785,Munish Bhardwaj
dir_703,Birendra Nath Tiwari
dir_121,Vipul Amrutlal Shah
dir_34,Ananth Mahadevan
dir_562,Dharmesh Darshan
dir_712,Vicky Ranawat
dir_44,Nishikant Kamat
dir_1793,Naeem A. Siddiqui
dir_1805,Anirudh Chawla
dir_61,Vishal Furia
dir_1702,Manish Srivastav
dir_23,Danny Boyle
dir_1279,Chandrakant Singh
dir_1241,Raman Kumar
dir_1109,Vinay Sharma
dir_593,Ahathian
dir_1575,K.R. Reddy
dir_745,Nilesh Maniyar
dir_340,Pooja Bhatt
dir_427,Satram Ramani
dir_393,Mukul Anand
dir_1639,Gaganvihari Borate
dir_477,Cherag Ruparel
dir_1849,Ram Kamal Mukherjee
dir_1732,Bikas Ranjan Mishra
dir_227,Honey Trehan
dir_792,Mangesh Hadawale
dir_343,Mathukutty Xavier
dir_1027,Vinit Kanojia
dir_1194,Paritosh Painter
dir_1526,Rakesh Sawant
dir_1416,Rajesh Bachchani
dir_813,P. Sambasiva Rao
dir_41,Anthony Maras
dir_1850,Shekhar Ghosh
dir_1123,Vimal Kumar
dir_706,Shakti Samanta
dir_1668,Gurudev Bhalla
dir_617,V.G. Samant
dir_2,Karan Singh Tyagi
dir_859,Devang Dholakia
dir_1195,Kader Kashmiri
dir_589,Chandan Arora
dir_1648,T.K. Desai
dir_807,Parth Saurabh
dir_1662,Shubham Singh
dir_874,Ashtar Sayed
dir_153,Tushar Hiranandani
dir_1683,Israr Ahmed
dir_816,C.V. Sridhar
dir_391,Nandita Das
dir_1507,Bauddhayan Mukherji
dir_1106,Kireet Khurana
dir_812,Nupur Asthana
dir_1522,Smeep Kang
dir_879,A.S. Ravindra Babu
dir_732,Bumpy
dir_831,Brijesh Batuknath Tripathi
dir_1111,Esmayeel Shroff
dir_161,Shirsha Guha Thakurta
dir_1420,Mukul Vikram
dir_1211,Vikram Pradhan
dir_321,Devashish Makhija
dir_403,K. Asif
dir_58,Kabir Khan
dir_324,Almudena Longares
dir_877,Amitoj Mann
dir_453,Vandana Kataria
dir_931,Basu Bhattacharya
dir_1319,Yogesh Bhardwaj
dir_581,Siddharth Sen
dir_1749,Dakxin Bajrange
dir_716,Arjunsinh Pravinsinh Zala
dir_111,Ritesh Kumar
dir_141,Michael Winterbottom
dir_1166,Lisa Ortiz
dir_528,N. Maharajan
dir_977,Yogesh Ishwar
dir_1403,Rajendra Rathor
dir_545,Prabhakar Meena Bhaskar Pant
dir_1776,Stylox Vai
dir_579,N. Chandra
dir_1483,Keshhav Panneriy
dir_926,Karan Anshuman
dir_1687,Remy Kohli
dir_1424,R.C. Talwar
dir_1757,Ashok Yadav
dir_1682,Maneej Premnath
dir_969,Pankaj Saraswat
dir_685,Willard Carroll
dir_442,Manjari Makijany
dir_1511,Venod Mitra
dir_1847,Sandeep Pandey
dir_1738,Brahmanand S. Singh
dir_1431,Dilip Kumar
dir_1347,A. Muthu
dir_1710,Danish Javed
dir_404,Sagar Ballary
dir_777,Rajesh Pillai
dir_476,Divya Khossla
dir_689,Jasbir Bhaati
dir_1,Shivam Nair
dir_558,Vatsal Neelakantan
dir_79,Aditya Sarpotdar
dir_1434,R. Krishnan
dir_1851,Shivendra Singh Dungarpur
dir_1692,Jaiveer
dir_744,Shyam P. Madiraju
dir_1295,Brij
dir_223,Siddique
dir_1219,Luke Kenny
dir_37,Richard Attenborough
dir_167,Roland Joffé
dir_397,Tulsi Ramsay
dir_349,Krishna Vamsi
dir_1408,Kishore Sahu
dir_136,Ali Abbas Zafar
dir_1628,Sameer Khan
dir_1266,Charudutt Acharya
dir_1067,Ajitpal Singh
dir_913,Hemant N Mishra
dir_198,Hrishikesh Mukherjee
dir_553,Elan Dassani
dir_845,Sanjay Puran Singh Chauhan
dir_604,Kamal Chandra
dir_1669,Ranjit Kapoor
dir_1634,Sachin Pilgaonkar
dir_1719,Ratan Sil Sarma
dir_284,Yashowardhan Mishra
dir_902,Andaleeb Sultanpuri
dir_934,Ram Maheshwari
dir_698,Ashok Honda
dir_322,Vivek Soni
dir_424,Subhankar Ghosh
dir_570,Faruk Kabir
dir_1257,Shantilal Soni
dir_871,Honeypreet Insan
dir_1570,Samir Soni
dir_1258,Rahul Aggarwal
dir_1093,Navaniat Singh
dir_1058,Prosenjit Ganguly
dir_1725,Nilaanjan Reeta Datta
dir_904,Kabir Sadanand
dir_293,Amit Rai
dir_1340,Manish Sharma
dir_486,Hardik Mehta
dir_1718,Saahil Prem
dir_1389,Amiya Chakrabarty
dir_626,Rama Rao Tatineni
dir_929,Gurvinder Singh
dir_583,Chandra Prakash Dwivedi
dir_667,Sanjay M. Khanduri
dir_1149,Prabu Solomon
dir_797,Inderjeet Singh
dir_1288,Indranil Roychowdhury
dir_1623,Jaideep Chopra
dir_337,Anil Mehta
dir_733,Aparnaa Singh
dir_1267,Sanjoy Nag
dir_1582,Abhishek Saxena
dir_1746,Mitali Ghoshal
dir_273,Ajay Devgn
dir_376,Girish Karnad
dir_625,Kamal Sadanah
dir_806,Pranab J Deka
dir_1501,Hyder Kazmi
dir_409,Rajendra Tiwari
dir_532,Prakash Jha
dir_325,Vijay K. Bhaskar
dir_1670,Himanshu Malik
dir_1419,Abhik Bhanu
dir_1547,Bela Segal
dir_213,Kunal Kohli
dir_882,Bapu
dir_530,Raj Trivedi
dir_730,Krishna Bhatt
dir_1463,O.P. Goyle
dir_1198,Gaurav Mehra
dir_506,Sanoj Mishra
dir_846,K. Muralimohana Rao
dir_471,Pravin Tarde
dir_195,Vinil Mathew
dir_1448,Lalit Mohan
dir_96,Samar Khan
dir_1391,Vinod K. Verma
dir_448,Atul Sabharwal
dir_779,S.J. Suryah
dir_17,Sejal Shah
dir_1393,Vishwas Paandya
dir_1795,Megan Doneman
dir_1594,Gaurav Madan
dir_599,Ivan Ayr
dir_1014,Jag Mundhra
dir_312,Chaudhari Mitesh
dir_1230,Kaushik Roy
dir_981,Rajeev Chaudhari
dir_658,Feroz Khan Bollybrothers
dir_546,Dom Fantana
dir_799,K. Ravi Shankar
dir_1173,Iqbal Durrani
dir_156,Sudhanshu Saria
dir_454,Deepthi Tadnaki
dir_591,Bhanu Pratap Singh
dir_1715,Shilpa Ranade
dir_114,Sonu Sood
dir_387,Nitya Mehra
dir_829,Manish Saini
dir_1436,Sushil Rajpal
dir_1673,Rajatesh Nayyar
dir_1607,T.K. Rajeev Kumar
dir_1208,Surendra Mohan
dir_533,Nikhil Mahajan
dir_1062,Piyush Dinker Pandya
dir_1558,Krishan Hooda
dir_1816,Anwer Khan
dir_1171,Y. Nageswara Rao
dir_1834,Tushar Waghela
dir_598,B.R. Chopra
dir_131,J.P. Dutta
dir_1005,Divyesh Limbani
dir_1310,Ravi Dewan
dir_641,Abinash Rout
dir_188,Raj Nidimoru
dir_1008,L.V. Prasad
dir_1336,Apurva Asrani
dir_1068,Sushmit Ghosh
dir_1181,Sanjay Chhel
dir_1781,Deepika Narayan Bhardwaj
dir_1541,Gajanan Nana Padol
dir_1651,Vishal Mishra
dir_905,Rahul Agarwal
dir_1783,Manika Sharma
dir_1804,Jagdish Rajpurohit
dir_1474,Qasim Khallow
dir_1228,Vijay Sharma
dir_710,Vivek Anchalia
dir_1146,Shujaat Saudagar
dir_1553,Shrey Srivastava
